{
  "rows": [
    {
      "name": "a1790-entity-sme4x-s400",
      "naming": 0.0,
      "score": 0.0,
      "delta": 0.0,
      "fullNaming": 0.0,
      "fullScore": 0.0,
      "fullDelta": 0.0,
      "halfNaming": 0.0,
      "halfScore": 0.0,
      "halfDelta": 0.0,
      "scored": 18,
      "failed": 0,
      "parseFailures": 18,
      "datasetRevision": "5caf5ebd1ce03b6b6bb28a50504a8c36542d9433",
      "run": "03699e73-6bbd-5412-aff4-487c61bd08b2",
      "path": "s3://tl-data-training-pegasus-us-west-2/checkpoints/jeongyeon-nam/sft_a1790_entity_sme_4x_consol_7n_qwen3_5_27b-base/checkpoint-400-safetensors"
    },
    {
      "name": "a1790-entity-sme4x-s800",
      "naming": 0.1944384580362709,
      "score": 0.2776896892383982,
      "delta": 0.09233749832427512,
      "fullNaming": 0.1869780405386681,
      "fullScore": 0.29077687503737554,
      "fullDelta": 0.1148158838821275,
      "halfNaming": 0.19824803292866378,
      "halfScore": 0.2709591365417814,
      "halfDelta": 0.08085917378409518,
      "scored": 18,
      "failed": 0,
      "parseFailures": 1,
      "datasetRevision": "5caf5ebd1ce03b6b6bb28a50504a8c36542d9433",
      "run": "82c18432-2844-59bf-a3b8-b6d913bd1390",
      "path": "s3://tl-data-training-pegasus-us-west-2/checkpoints/jeongyeon-nam/sft_a1790_entity_sme_4x_consol_7n_qwen3_5_27b-base/checkpoint-800-safetensors"
    },
    {
      "name": "a1790-entity-sme4x-s1200",
      "naming": 0.0,
      "score": 0.0,
      "delta": 0.0,
      "fullNaming": 0.0,
      "fullScore": 0.0,
      "fullDelta": 0.0,
      "halfNaming": 0.0,
      "halfScore": 0.0,
      "halfDelta": 0.0,
      "scored": 18,
      "failed": 0,
      "parseFailures": 18,
      "datasetRevision": "5caf5ebd1ce03b6b6bb28a50504a8c36542d9433",
      "run": "a2d0ef8b-5ef2-5033-aec1-587e23a6b0a4",
      "path": "s3://tl-data-training-pegasus-us-west-2/checkpoints/jeongyeon-nam/sft_a1790_entity_sme_4x_consol_7n_qwen3_5_27b-base/checkpoint-1200-safetensors"
    },
    {
      "name": "a1790-entity-sme4x-s1600",
      "naming": 0.21907247515714534,
      "score": 0.27256121756735846,
      "delta": 0.08475021431942413,
      "fullNaming": 0.2599568203156351,
      "fullScore": 0.25929475765905435,
      "fullDelta": 0.049319914972739444,
      "halfNaming": 0.19819536273578883,
      "halfScore": 0.2793839683773435,
      "halfDelta": 0.10284228207092268,
      "scored": 18,
      "failed": 0,
      "parseFailures": 2,
      "datasetRevision": "5caf5ebd1ce03b6b6bb28a50504a8c36542d9433",
      "run": "a47d832e-1ee3-502a-aebd-66692900c339",
      "path": "s3://tl-data-training-pegasus-us-west-2/checkpoints/jeongyeon-nam/sft_a1790_entity_sme_4x_consol_7n_qwen3_5_27b-base/checkpoint-1600-safetensors"
    },
    {
      "name": "a1790-entity-sme4x-s1900",
      "naming": 0.18596743129343085,
      "score": 0.2783950242182414,
      "delta": 0.10965862188494582,
      "fullNaming": 0.19203302630604716,
      "fullScore": 0.3271371579791537,
      "fullDelta": 0.12790144684900828,
      "halfNaming": 0.18287010618060545,
      "halfScore": 0.2533276411412008,
      "halfDelta": 0.10034313679691394,
      "scored": 18,
      "failed": 0,
      "parseFailures": 1,
      "datasetRevision": "5caf5ebd1ce03b6b6bb28a50504a8c36542d9433",
      "run": "a520e232-a4e9-5640-b666-48a023b84ed0",
      "path": "s3://tl-data-training-pegasus-us-west-2/checkpoints/jeongyeon-nam/sft_a1790_entity_sme_4x_consol_7n_qwen3_5_27b-base/checkpoint-1900-safetensors/"
    },
    {
      "name": "a1790-entity-sme4x-s2000",
      "naming": 0.1774812048522915,
      "score": 0.2252334736821006,
      "delta": 0.09178830776128366,
      "fullNaming": 0.11292435374806291,
      "fullScore": 0.15386209929215597,
      "fullDelta": 0.077324950617528,
      "halfNaming": 0.2104464054161529,
      "halfScore": 0.26193875193978633,
      "halfDelta": 0.09917385183469082,
      "scored": 18,
      "failed": 0,
      "parseFailures": 1,
      "datasetRevision": "5caf5ebd1ce03b6b6bb28a50504a8c36542d9433",
      "run": "0790b212-c060-52f8-acd9-a0cf2709c276",
      "path": "s3://tl-data-training-pegasus-us-west-2/checkpoints/jeongyeon-nam/sft_a1790_entity_sme_4x_consol_7n_qwen3_5_27b-base/checkpoint-2000-safetensors/"
    },
    {
      "name": "a1790-entity-sme4x-s2100",
      "naming": 0.22776390055638535,
      "score": 0.34689240793081233,
      "delta": 0.12890960268546744,
      "fullNaming": 0.16531586079742622,
      "fullScore": 0.3415706237438576,
      "fullDelta": 0.12772495445573595,
      "halfNaming": 0.2596522612843644,
      "halfScore": 0.3496293255126747,
      "halfDelta": 0.12951452944107505,
      "scored": 18,
      "failed": 0,
      "parseFailures": 0,
      "datasetRevision": "5caf5ebd1ce03b6b6bb28a50504a8c36542d9433",
      "run": "962dadcc-abe3-50bd-bf44-38fab5d4a8e4",
      "path": "s3://tl-data-training-pegasus-us-west-2/checkpoints/jeongyeon-nam/sft_a1790_entity_sme_4x_consol_7n_qwen3_5_27b-base/checkpoint-2100-safetensors/"
    },
    {
      "name": "soccer-lvreason-mcq-s1600",
      "naming": 0.23473272559763828,
      "score": 0.2987082115103863,
      "delta": 0.09279348009331796,
      "fullNaming": 0.17797455295199635,
      "fullScore": 0.27419698139997173,
      "fullDelta": 0.0786134215264358,
      "halfNaming": 0.2637156222677533,
      "halfScore": 0.3113139869957422,
      "halfDelta": 0.10003436106364075,
      "scored": 18,
      "failed": 0,
      "parseFailures": 1,
      "datasetRevision": "5caf5ebd1ce03b6b6bb28a50504a8c36542d9433",
      "run": "918e01d5-cd55-501d-bfc2-09b53e5d5f34",
      "path": "s3://tl-data-training-pegasus-us-west-2/checkpoints/jeongyeon-nam/sft_260416_soccer_lvreason_mcq_lr2e-6_qwen3_5_27b_mtp_14node-base/checkpoint-1600-safetensors/"
    },
    {
      "name": "soccer-lvreason-mcq-s2000",
      "naming": 0.26136638881492985,
      "score": 0.2961211941849752,
      "delta": 0.06421992609654402,
      "fullNaming": 0.25417259432432593,
      "fullScore": 0.335999485644277,
      "fullDelta": 0.08745529486528447,
      "halfNaming": 0.2650398157888552,
      "halfScore": 0.27561235857733435,
      "halfDelta": 0.05235505693803825,
      "scored": 18,
      "failed": 0,
      "parseFailures": 2,
      "datasetRevision": "5caf5ebd1ce03b6b6bb28a50504a8c36542d9433",
      "run": "d10c50da-66a2-59e7-b81a-21ac4a26fafd",
      "path": "s3://tl-data-training-pegasus-us-west-2/checkpoints/jeongyeon-nam/sft_260416_soccer_lvreason_mcq_lr2e-6_qwen3_5_27b_mtp_14node-base/checkpoint-2000-safetensors/"
    }
  ],
  "half_sample_rows": [
    {
      "name": "a1790-entity-sme4x-s400",
      "samples": {
        "film-01:000": 0.0,
        "film-01:001": 0.0,
        "film-02:000": 0.0,
        "film-02:001": 0.0,
        "film-03:000": 0.0,
        "film-03:001": 0.0,
        "film-04:000": 0.0,
        "film-04:001": 0.0,
        "film-05:000": 0.0,
        "film-05:001": 0.0,
        "film-06:000": 0.0,
        "film-06:001": 0.0
      }
    },
    {
      "name": "a1790-entity-sme4x-s800",
      "samples": {
        "film-01:000": 0.0,
        "film-01:001": 0.11229809337472625,
        "film-02:000": 0.14528620512927656,
        "film-02:001": 0.5597323261524535,
        "film-03:000": 0.45838449007660353,
        "film-03:001": 0.21826328938222125,
        "film-04:000": 0.323537591806115,
        "film-04:001": 0.061153191446918935,
        "film-05:000": 0.22682463711275902,
        "film-05:001": 0.5366186152676247,
        "film-06:000": 0.16822562006533925,
        "film-06:001": 0.6585427751097728
      }
    },
    {
      "name": "a1790-entity-sme4x-s1200",
      "samples": {
        "film-01:000": 0.0,
        "film-01:001": 0.0,
        "film-02:000": 0.0,
        "film-02:001": 0.0,
        "film-03:000": 0.0,
        "film-03:001": 0.0,
        "film-04:000": 0.0,
        "film-04:001": 0.0,
        "film-05:000": 0.0,
        "film-05:001": 0.0,
        "film-06:000": 0.0,